{
    "mtx": [
        [
            176.76096041753547,
            0.0,
            175.25040336700323
        ],
        [
            0.0,
            177.76126988852937,
            127.14147736547818
        ],
        [
            0.0,
            0.0,
            1.0
        ]
    ],
    "dist": [
        [
            0.02258901665656029,
            0.018869741300398365,
            -0.00013336432819995717,
            0.00026830435749782526,
            -0.05545675195243372
        ]
    ],
    "newcameramtx": [
        [
            142.230224609375,
            0.0,
            194.09322290448472
        ],
        [
            0.0,
            167.86573791503906,
            129.81425585354464
        ],
        [
            0.0,
            0.0,
            1.0
        ]
    ]
}