{
    "mtx": [
        [
            176.63078180005675,
            0.0,
            172.08040542847596
        ],
        [
            0.0,
            177.6521954792467,
            128.1055998855
        ],
        [
            0.0,
            0.0,
            1.0
        ]
    ],
    "dist": [
        [
            0.04827535800841036,
            -0.05708005976730316,
            -0.0011688519008645575,
            -0.002130892202900858,
            0.007536155604130732
        ]
    ],
    "newcameramtx": [
        [
            172.64564514160156,
            0.0,
            172.43788030294127
        ],
        [
            0.0,
            173.29904174804688,
            128.22916579799858
        ],
        [
            0.0,
            0.0,
            1.0
        ]
    ]
}