{
    "mtx": [
        [
            177.96995205063254,
            0.0,
            172.7772159539496
        ],
        [
            0.0,
            178.902437895844,
            128.00283293567628
        ],
        [
            0.0,
            0.0,
            1.0
        ]
    ],
    "dist": [
        [
            0.05280333548496621,
            -0.05255622873773266,
            0.0016179707129584382,
            -0.0022240072938498902,
            0.002080802012159788
        ]
    ],
    "newcameramtx": [
        [
            173.13343811035156,
            0.0,
            173.65395656933106
        ],
        [
            0.0,
            174.26922607421875,
            129.73929105656134
        ],
        [
            0.0,
            0.0,
            1.0
        ]
    ]
}