{
    "mtx": [
        [
            168.51954642445057,
            0.0,
            171.78428833338228
        ],
        [
            0.0,
            169.1838713420319,
            127.01363539176427
        ],
        [
            0.0,
            0.0,
            1.0
        ]
    ],
    "dist": [
        [
            0.03159737474782914,
            -0.02878139246265166,
            -0.00606563660869481,
            -0.0014410935637543202,
            -0.012022607637359302
        ]
    ],
    "newcameramtx": [
        [
            148.32501220703125,
            0.0,
            181.8173890051039
        ],
        [
            0.0,
            141.8351593017578,
            126.2036837215237
        ],
        [
            0.0,
            0.0,
            1.0
        ]
    ]
}