{
    "mtx": [
        [
            174.1682680899023,
            0.0,
            170.05997835545804
        ],
        [
            0.0,
            174.94672604661113,
            125.97866761187558
        ],
        [
            0.0,
            0.0,
            1.0
        ]
    ],
    "dist": [
        [
            0.056721542099897,
            -0.07969488925667242,
            -0.006556505221333777,
            -0.0037674810462916333,
            0.021367971423323435
        ]
    ],
    "newcameramtx": [
        [
            170.01499938964844,
            0.0,
            168.6519986720141
        ],
        [
            0.0,
            171.68603515625,
            123.47436821518932
        ],
        [
            0.0,
            0.0,
            1.0
        ]
    ]
}